,weights1,weights2,MAP
415,"[(95, 5)]","[(80, 20)]",[0.07480455671947253]
408,"[(95, 5)]","[(45, 55)]",[0.07480455671947253]
417,"[(95, 5)]","[(90, 10)]",[0.07480455671947253]
416,"[(95, 5)]","[(85, 15)]",[0.07480455671947253]
414,"[(95, 5)]","[(75, 25)]",[0.07480455671947253]
413,"[(95, 5)]","[(70, 30)]",[0.07480455671947253]
412,"[(95, 5)]","[(65, 35)]",[0.07480455671947253]
411,"[(95, 5)]","[(60, 40)]",[0.07480455671947253]
410,"[(95, 5)]","[(55, 45)]",[0.07480455671947253]
409,"[(95, 5)]","[(50, 50)]",[0.07480455671947253]
407,"[(95, 5)]","[(40, 60)]",[0.07480455671947253]
419,"[(95, 5)]","[(100, 0)]",[0.07480455671947253]
406,"[(95, 5)]","[(35, 65)]",[0.07480455671947253]
405,"[(95, 5)]","[(30, 70)]",[0.07480455671947253]
404,"[(95, 5)]","[(25, 75)]",[0.07480455671947253]
403,"[(95, 5)]","[(20, 80)]",[0.07480455671947253]
402,"[(95, 5)]","[(15, 85)]",[0.07480455671947253]
401,"[(95, 5)]","[(10, 90)]",[0.07480455671947253]
400,"[(95, 5)]","[(5, 95)]",[0.07480455671947253]
399,"[(95, 5)]","[(0, 100)]",[0.07480455671947253]
418,"[(95, 5)]","[(95, 5)]",[0.07480455671947253]
440,"[(100, 0)]","[(100, 0)]",[0.07462100121509127]
420,"[(100, 0)]","[(0, 100)]",[0.07462100121509127]
430,"[(100, 0)]","[(50, 50)]",[0.07462100121509127]
439,"[(100, 0)]","[(95, 5)]",[0.07462100121509127]
438,"[(100, 0)]","[(90, 10)]",[0.07462100121509127]
437,"[(100, 0)]","[(85, 15)]",[0.07462100121509127]
436,"[(100, 0)]","[(80, 20)]",[0.07462100121509127]
435,"[(100, 0)]","[(75, 25)]",[0.07462100121509127]
421,"[(100, 0)]","[(5, 95)]",[0.07462100121509127]
433,"[(100, 0)]","[(65, 35)]",[0.07462100121509127]
432,"[(100, 0)]","[(60, 40)]",[0.07462100121509127]
431,"[(100, 0)]","[(55, 45)]",[0.07462100121509127]
434,"[(100, 0)]","[(70, 30)]",[0.07462100121509127]
429,"[(100, 0)]","[(45, 55)]",[0.07462100121509127]
427,"[(100, 0)]","[(35, 65)]",[0.07462100121509127]
426,"[(100, 0)]","[(30, 70)]",[0.07462100121509127]
425,"[(100, 0)]","[(25, 75)]",[0.07462100121509127]
424,"[(100, 0)]","[(20, 80)]",[0.07462100121509127]
423,"[(100, 0)]","[(15, 85)]",[0.07462100121509127]
422,"[(100, 0)]","[(10, 90)]",[0.07462100121509127]
428,"[(100, 0)]","[(40, 60)]",[0.07462100121509127]
382,"[(90, 10)]","[(20, 80)]",[0.07446868430753752]
386,"[(90, 10)]","[(40, 60)]",[0.07446868430753752]
385,"[(90, 10)]","[(35, 65)]",[0.07446868430753752]
384,"[(90, 10)]","[(30, 70)]",[0.07446868430753752]
378,"[(90, 10)]","[(0, 100)]",[0.07446868430753752]
381,"[(90, 10)]","[(15, 85)]",[0.07446868430753752]
380,"[(90, 10)]","[(10, 90)]",[0.07446868430753752]
379,"[(90, 10)]","[(5, 95)]",[0.07446868430753752]
388,"[(90, 10)]","[(50, 50)]",[0.07446868430753752]
387,"[(90, 10)]","[(45, 55)]",[0.07446868430753752]
383,"[(90, 10)]","[(25, 75)]",[0.07446868430753752]
389,"[(90, 10)]","[(55, 45)]",[0.07446868430753752]
394,"[(90, 10)]","[(80, 20)]",[0.07446868430753752]
390,"[(90, 10)]","[(60, 40)]",[0.07446868430753752]
397,"[(90, 10)]","[(95, 5)]",[0.07446868430753752]
396,"[(90, 10)]","[(90, 10)]",[0.07446868430753752]
395,"[(90, 10)]","[(85, 15)]",[0.07446868430753752]
398,"[(90, 10)]","[(100, 0)]",[0.07446868430753752]
393,"[(90, 10)]","[(75, 25)]",[0.07446868430753752]
392,"[(90, 10)]","[(70, 30)]",[0.07446868430753752]
391,"[(90, 10)]","[(65, 35)]",[0.07446868430753752]
355,"[(80, 20)]","[(95, 5)]",[0.0740811855173064]
346,"[(80, 20)]","[(50, 50)]",[0.0740811855173064]
354,"[(80, 20)]","[(90, 10)]",[0.0740811855173064]
353,"[(80, 20)]","[(85, 15)]",[0.0740811855173064]
352,"[(80, 20)]","[(80, 20)]",[0.0740811855173064]
351,"[(80, 20)]","[(75, 25)]",[0.0740811855173064]
350,"[(80, 20)]","[(70, 30)]",[0.0740811855173064]
349,"[(80, 20)]","[(65, 35)]",[0.0740811855173064]
348,"[(80, 20)]","[(60, 40)]",[0.0740811855173064]
347,"[(80, 20)]","[(55, 45)]",[0.0740811855173064]
341,"[(80, 20)]","[(25, 75)]",[0.0740811855173064]
345,"[(80, 20)]","[(45, 55)]",[0.0740811855173064]
344,"[(80, 20)]","[(40, 60)]",[0.0740811855173064]
343,"[(80, 20)]","[(35, 65)]",[0.0740811855173064]
342,"[(80, 20)]","[(30, 70)]",[0.0740811855173064]
340,"[(80, 20)]","[(20, 80)]",[0.0740811855173064]
339,"[(80, 20)]","[(15, 85)]",[0.0740811855173064]
338,"[(80, 20)]","[(10, 90)]",[0.0740811855173064]
337,"[(80, 20)]","[(5, 95)]",[0.0740811855173064]
336,"[(80, 20)]","[(0, 100)]",[0.0740811855173064]
356,"[(80, 20)]","[(100, 0)]",[0.0740811855173064]
357,"[(85, 15)]","[(0, 100)]",[0.07399615534512133]
358,"[(85, 15)]","[(5, 95)]",[0.07399615534512133]
369,"[(85, 15)]","[(60, 40)]",[0.07399615534512133]
377,"[(85, 15)]","[(100, 0)]",[0.07399615534512133]
376,"[(85, 15)]","[(95, 5)]",[0.07399615534512133]
375,"[(85, 15)]","[(90, 10)]",[0.07399615534512133]
374,"[(85, 15)]","[(85, 15)]",[0.07399615534512133]
359,"[(85, 15)]","[(10, 90)]",[0.07399615534512133]
372,"[(85, 15)]","[(75, 25)]",[0.07399615534512133]
371,"[(85, 15)]","[(70, 30)]",[0.07399615534512133]
370,"[(85, 15)]","[(65, 35)]",[0.07399615534512133]
373,"[(85, 15)]","[(80, 20)]",[0.07399615534512133]
368,"[(85, 15)]","[(55, 45)]",[0.07399615534512133]
366,"[(85, 15)]","[(45, 55)]",[0.07399615534512133]
365,"[(85, 15)]","[(40, 60)]",[0.07399615534512133]
364,"[(85, 15)]","[(35, 65)]",[0.07399615534512133]
363,"[(85, 15)]","[(30, 70)]",[0.07399615534512133]
362,"[(85, 15)]","[(25, 75)]",[0.07399615534512133]
361,"[(85, 15)]","[(20, 80)]",[0.07399615534512133]
360,"[(85, 15)]","[(15, 85)]",[0.07399615534512133]
367,"[(85, 15)]","[(50, 50)]",[0.07399615534512133]
319,"[(75, 25)]","[(20, 80)]",[0.07393839641769402]
323,"[(75, 25)]","[(40, 60)]",[0.07393839641769402]
322,"[(75, 25)]","[(35, 65)]",[0.07393839641769402]
321,"[(75, 25)]","[(30, 70)]",[0.07393839641769402]
320,"[(75, 25)]","[(25, 75)]",[0.07393839641769402]
315,"[(75, 25)]","[(0, 100)]",[0.07393839641769402]
318,"[(75, 25)]","[(15, 85)]",[0.07393839641769402]
317,"[(75, 25)]","[(10, 90)]",[0.07393839641769402]
316,"[(75, 25)]","[(5, 95)]",[0.07393839641769402]
325,"[(75, 25)]","[(50, 50)]",[0.07393839641769402]
324,"[(75, 25)]","[(45, 55)]",[0.07393839641769402]
331,"[(75, 25)]","[(80, 20)]",[0.07393839641769402]
326,"[(75, 25)]","[(55, 45)]",[0.07393839641769402]
327,"[(75, 25)]","[(60, 40)]",[0.07393839641769402]
334,"[(75, 25)]","[(95, 5)]",[0.07393839641769402]
333,"[(75, 25)]","[(90, 10)]",[0.07393839641769402]
332,"[(75, 25)]","[(85, 15)]",[0.07393839641769402]
335,"[(75, 25)]","[(100, 0)]",[0.07393839641769402]
330,"[(75, 25)]","[(75, 25)]",[0.07393839641769402]
329,"[(75, 25)]","[(70, 30)]",[0.07393839641769402]
328,"[(75, 25)]","[(65, 35)]",[0.07393839641769402]
283,"[(65, 35)]","[(50, 50)]",[0.0737086811266188]
291,"[(65, 35)]","[(90, 10)]",[0.0737086811266188]
290,"[(65, 35)]","[(85, 15)]",[0.0737086811266188]
289,"[(65, 35)]","[(80, 20)]",[0.0737086811266188]
288,"[(65, 35)]","[(75, 25)]",[0.0737086811266188]
287,"[(65, 35)]","[(70, 30)]",[0.0737086811266188]
286,"[(65, 35)]","[(65, 35)]",[0.0737086811266188]
285,"[(65, 35)]","[(60, 40)]",[0.0737086811266188]
284,"[(65, 35)]","[(55, 45)]",[0.0737086811266188]
278,"[(65, 35)]","[(25, 75)]",[0.0737086811266188]
282,"[(65, 35)]","[(45, 55)]",[0.0737086811266188]
281,"[(65, 35)]","[(40, 60)]",[0.0737086811266188]
280,"[(65, 35)]","[(35, 65)]",[0.0737086811266188]
279,"[(65, 35)]","[(30, 70)]",[0.0737086811266188]
293,"[(65, 35)]","[(100, 0)]",[0.0737086811266188]
277,"[(65, 35)]","[(20, 80)]",[0.0737086811266188]
276,"[(65, 35)]","[(15, 85)]",[0.0737086811266188]
275,"[(65, 35)]","[(10, 90)]",[0.0737086811266188]
274,"[(65, 35)]","[(5, 95)]",[0.0737086811266188]
292,"[(65, 35)]","[(95, 5)]",[0.0737086811266188]
273,"[(65, 35)]","[(0, 100)]",[0.0737086811266188]
294,"[(70, 30)]","[(0, 100)]",[0.07369360694801351]
305,"[(70, 30)]","[(55, 45)]",[0.07369360694801351]
295,"[(70, 30)]","[(5, 95)]",[0.07369360694801351]
314,"[(70, 30)]","[(100, 0)]",[0.07369360694801351]
313,"[(70, 30)]","[(95, 5)]",[0.07369360694801351]
312,"[(70, 30)]","[(90, 10)]",[0.07369360694801351]
311,"[(70, 30)]","[(85, 15)]",[0.07369360694801351]
310,"[(70, 30)]","[(80, 20)]",[0.07369360694801351]
308,"[(70, 30)]","[(70, 30)]",[0.07369360694801351]
307,"[(70, 30)]","[(65, 35)]",[0.07369360694801351]
306,"[(70, 30)]","[(60, 40)]",[0.07369360694801351]
309,"[(70, 30)]","[(75, 25)]",[0.07369360694801351]
304,"[(70, 30)]","[(50, 50)]",[0.07369360694801351]
302,"[(70, 30)]","[(40, 60)]",[0.07369360694801351]
301,"[(70, 30)]","[(35, 65)]",[0.07369360694801351]
300,"[(70, 30)]","[(30, 70)]",[0.07369360694801351]
299,"[(70, 30)]","[(25, 75)]",[0.07369360694801351]
298,"[(70, 30)]","[(20, 80)]",[0.07369360694801351]
297,"[(70, 30)]","[(15, 85)]",[0.07369360694801351]
303,"[(70, 30)]","[(45, 55)]",[0.07369360694801351]
296,"[(70, 30)]","[(10, 90)]",[0.07369360694801351]
256,"[(60, 40)]","[(20, 80)]",[0.07335990101361384]
260,"[(60, 40)]","[(40, 60)]",[0.07335990101361384]
259,"[(60, 40)]","[(35, 65)]",[0.07335990101361384]
257,"[(60, 40)]","[(25, 75)]",[0.07335990101361384]
252,"[(60, 40)]","[(0, 100)]",[0.07335990101361384]
255,"[(60, 40)]","[(15, 85)]",[0.07335990101361384]
254,"[(60, 40)]","[(10, 90)]",[0.07335990101361384]
253,"[(60, 40)]","[(5, 95)]",[0.07335990101361384]
262,"[(60, 40)]","[(50, 50)]",[0.07335990101361384]
261,"[(60, 40)]","[(45, 55)]",[0.07335990101361384]
258,"[(60, 40)]","[(30, 70)]",[0.07335990101361384]
263,"[(60, 40)]","[(55, 45)]",[0.07335990101361384]
269,"[(60, 40)]","[(85, 15)]",[0.07335990101361384]
272,"[(60, 40)]","[(100, 0)]",[0.07335990101361384]
271,"[(60, 40)]","[(95, 5)]",[0.07335990101361384]
270,"[(60, 40)]","[(90, 10)]",[0.07335990101361384]
264,"[(60, 40)]","[(60, 40)]",[0.07335990101361384]
268,"[(60, 40)]","[(80, 20)]",[0.07335990101361384]
267,"[(60, 40)]","[(75, 25)]",[0.07335990101361384]
266,"[(60, 40)]","[(70, 30)]",[0.07335990101361384]
265,"[(60, 40)]","[(65, 35)]",[0.07335990101361384]
241,"[(55, 45)]","[(50, 50)]",[0.07242583901518354]
232,"[(55, 45)]","[(5, 95)]",[0.07242583901518354]
233,"[(55, 45)]","[(10, 90)]",[0.07242583901518354]
234,"[(55, 45)]","[(15, 85)]",[0.07242583901518354]
235,"[(55, 45)]","[(20, 80)]",[0.07242583901518354]
236,"[(55, 45)]","[(25, 75)]",[0.07242583901518354]
237,"[(55, 45)]","[(30, 70)]",[0.07242583901518354]
238,"[(55, 45)]","[(35, 65)]",[0.07242583901518354]
239,"[(55, 45)]","[(40, 60)]",[0.07242583901518354]
240,"[(55, 45)]","[(45, 55)]",[0.07242583901518354]
231,"[(55, 45)]","[(0, 100)]",[0.07242583901518354]
242,"[(55, 45)]","[(55, 45)]",[0.07242583901518354]
243,"[(55, 45)]","[(60, 40)]",[0.07242583901518354]
245,"[(55, 45)]","[(70, 30)]",[0.07242583901518354]
246,"[(55, 45)]","[(75, 25)]",[0.07242583901518354]
247,"[(55, 45)]","[(80, 20)]",[0.07242583901518354]
248,"[(55, 45)]","[(85, 15)]",[0.07242583901518354]
249,"[(55, 45)]","[(90, 10)]",[0.07242583901518354]
250,"[(55, 45)]","[(95, 5)]",[0.07242583901518354]
251,"[(55, 45)]","[(100, 0)]",[0.07242583901518354]
244,"[(55, 45)]","[(65, 35)]",[0.07242583901518354]
226,"[(50, 50)]","[(80, 20)]",[0.07141632303213602]
223,"[(50, 50)]","[(65, 35)]",[0.07141632303213602]
224,"[(50, 50)]","[(70, 30)]",[0.07141632303213602]
225,"[(50, 50)]","[(75, 25)]",[0.07141632303213602]
221,"[(50, 50)]","[(55, 45)]",[0.07141632303213602]
227,"[(50, 50)]","[(85, 15)]",[0.07141632303213602]
228,"[(50, 50)]","[(90, 10)]",[0.07141632303213602]
229,"[(50, 50)]","[(95, 5)]",[0.07141632303213602]
230,"[(50, 50)]","[(100, 0)]",[0.07141632303213602]
222,"[(50, 50)]","[(60, 40)]",[0.07141632303213602]
220,"[(50, 50)]","[(50, 50)]",[0.07141632303213602]
219,"[(50, 50)]","[(45, 55)]",[0.07141632303213602]
214,"[(50, 50)]","[(20, 80)]",[0.07141632303213602]
211,"[(50, 50)]","[(5, 95)]",[0.07141632303213602]
212,"[(50, 50)]","[(10, 90)]",[0.07141632303213602]
213,"[(50, 50)]","[(15, 85)]",[0.07141632303213602]
210,"[(50, 50)]","[(0, 100)]",[0.07141632303213602]
215,"[(50, 50)]","[(25, 75)]",[0.07141632303213602]
216,"[(50, 50)]","[(30, 70)]",[0.07141632303213602]
217,"[(50, 50)]","[(35, 65)]",[0.07141632303213602]
218,"[(50, 50)]","[(40, 60)]",[0.07141632303213602]
199,"[(45, 55)]","[(50, 50)]",[0.0701977235253431]
189,"[(45, 55)]","[(0, 100)]",[0.0701977235253431]
190,"[(45, 55)]","[(5, 95)]",[0.0701977235253431]
191,"[(45, 55)]","[(10, 90)]",[0.0701977235253431]
192,"[(45, 55)]","[(15, 85)]",[0.0701977235253431]
193,"[(45, 55)]","[(20, 80)]",[0.0701977235253431]
194,"[(45, 55)]","[(25, 75)]",[0.0701977235253431]
195,"[(45, 55)]","[(30, 70)]",[0.0701977235253431]
196,"[(45, 55)]","[(35, 65)]",[0.0701977235253431]
197,"[(45, 55)]","[(40, 60)]",[0.0701977235253431]
198,"[(45, 55)]","[(45, 55)]",[0.0701977235253431]
200,"[(45, 55)]","[(55, 45)]",[0.0701977235253431]
209,"[(45, 55)]","[(100, 0)]",[0.0701977235253431]
202,"[(45, 55)]","[(65, 35)]",[0.0701977235253431]
203,"[(45, 55)]","[(70, 30)]",[0.0701977235253431]
204,"[(45, 55)]","[(75, 25)]",[0.0701977235253431]
205,"[(45, 55)]","[(80, 20)]",[0.0701977235253431]
206,"[(45, 55)]","[(85, 15)]",[0.0701977235253431]
207,"[(45, 55)]","[(90, 10)]",[0.0701977235253431]
208,"[(45, 55)]","[(95, 5)]",[0.0701977235253431]
201,"[(45, 55)]","[(60, 40)]",[0.0701977235253431]
174,"[(40, 60)]","[(30, 70)]",[0.06857613019150118]
177,"[(40, 60)]","[(45, 55)]",[0.06857613019150118]
176,"[(40, 60)]","[(40, 60)]",[0.06857613019150118]
175,"[(40, 60)]","[(35, 65)]",[0.06857613019150118]
179,"[(40, 60)]","[(55, 45)]",[0.06857613019150118]
173,"[(40, 60)]","[(25, 75)]",[0.06857613019150118]
172,"[(40, 60)]","[(20, 80)]",[0.06857613019150118]
170,"[(40, 60)]","[(10, 90)]",[0.06857613019150118]
169,"[(40, 60)]","[(5, 95)]",[0.06857613019150118]
178,"[(40, 60)]","[(50, 50)]",[0.06857613019150118]
168,"[(40, 60)]","[(0, 100)]",[0.06857613019150118]
180,"[(40, 60)]","[(60, 40)]",[0.06857613019150118]
186,"[(40, 60)]","[(90, 10)]",[0.06857613019150118]
181,"[(40, 60)]","[(65, 35)]",[0.06857613019150118]
188,"[(40, 60)]","[(100, 0)]",[0.06857613019150118]
187,"[(40, 60)]","[(95, 5)]",[0.06857613019150118]
171,"[(40, 60)]","[(15, 85)]",[0.06857613019150118]
185,"[(40, 60)]","[(85, 15)]",[0.06857613019150118]
184,"[(40, 60)]","[(80, 20)]",[0.06857613019150118]
183,"[(40, 60)]","[(75, 25)]",[0.06857613019150118]
182,"[(40, 60)]","[(70, 30)]",[0.06857613019150118]
158,"[(35, 65)]","[(55, 45)]",[0.06702301774584729]
148,"[(35, 65)]","[(5, 95)]",[0.06702301774584729]
149,"[(35, 65)]","[(10, 90)]",[0.06702301774584729]
151,"[(35, 65)]","[(20, 80)]",[0.06702301774584729]
152,"[(35, 65)]","[(25, 75)]",[0.06702301774584729]
153,"[(35, 65)]","[(30, 70)]",[0.06702301774584729]
154,"[(35, 65)]","[(35, 65)]",[0.06702301774584729]
155,"[(35, 65)]","[(40, 60)]",[0.06702301774584729]
156,"[(35, 65)]","[(45, 55)]",[0.06702301774584729]
157,"[(35, 65)]","[(50, 50)]",[0.06702301774584729]
147,"[(35, 65)]","[(0, 100)]",[0.06702301774584729]
159,"[(35, 65)]","[(60, 40)]",[0.06702301774584729]
165,"[(35, 65)]","[(90, 10)]",[0.06702301774584729]
160,"[(35, 65)]","[(65, 35)]",[0.06702301774584729]
167,"[(35, 65)]","[(100, 0)]",[0.06702301774584729]
166,"[(35, 65)]","[(95, 5)]",[0.06702301774584729]
150,"[(35, 65)]","[(15, 85)]",[0.06702301774584729]
164,"[(35, 65)]","[(85, 15)]",[0.06702301774584729]
162,"[(35, 65)]","[(75, 25)]",[0.06702301774584729]
161,"[(35, 65)]","[(70, 30)]",[0.06702301774584729]
163,"[(35, 65)]","[(80, 20)]",[0.06702301774584729]
136,"[(30, 70)]","[(50, 50)]",[0.06579704875258935]
126,"[(30, 70)]","[(0, 100)]",[0.06579704875258935]
127,"[(30, 70)]","[(5, 95)]",[0.06579704875258935]
128,"[(30, 70)]","[(10, 90)]",[0.06579704875258935]
129,"[(30, 70)]","[(15, 85)]",[0.06579704875258935]
130,"[(30, 70)]","[(20, 80)]",[0.06579704875258935]
131,"[(30, 70)]","[(25, 75)]",[0.06579704875258935]
132,"[(30, 70)]","[(30, 70)]",[0.06579704875258935]
133,"[(30, 70)]","[(35, 65)]",[0.06579704875258935]
134,"[(30, 70)]","[(40, 60)]",[0.06579704875258935]
135,"[(30, 70)]","[(45, 55)]",[0.06579704875258935]
137,"[(30, 70)]","[(55, 45)]",[0.06579704875258935]
138,"[(30, 70)]","[(60, 40)]",[0.06579704875258935]
139,"[(30, 70)]","[(65, 35)]",[0.06579704875258935]
141,"[(30, 70)]","[(75, 25)]",[0.06579704875258935]
142,"[(30, 70)]","[(80, 20)]",[0.06579704875258935]
143,"[(30, 70)]","[(85, 15)]",[0.06579704875258935]
144,"[(30, 70)]","[(90, 10)]",[0.06579704875258935]
145,"[(30, 70)]","[(95, 5)]",[0.06579704875258935]
146,"[(30, 70)]","[(100, 0)]",[0.06579704875258935]
140,"[(30, 70)]","[(70, 30)]",[0.06579704875258935]
109,"[(25, 75)]","[(20, 80)]",[0.06448023247986089]
113,"[(25, 75)]","[(40, 60)]",[0.06448023247986089]
112,"[(25, 75)]","[(35, 65)]",[0.06448023247986089]
111,"[(25, 75)]","[(30, 70)]",[0.06448023247986089]
110,"[(25, 75)]","[(25, 75)]",[0.06448023247986089]
108,"[(25, 75)]","[(15, 85)]",[0.06448023247986089]
107,"[(25, 75)]","[(10, 90)]",[0.06448023247986089]
106,"[(25, 75)]","[(5, 95)]",[0.06448023247986089]
105,"[(25, 75)]","[(0, 100)]",[0.06448023247986089]
115,"[(25, 75)]","[(50, 50)]",[0.06448023247986089]
114,"[(25, 75)]","[(45, 55)]",[0.06448023247986089]
116,"[(25, 75)]","[(55, 45)]",[0.06448023247986089]
117,"[(25, 75)]","[(60, 40)]",[0.06448023247986089]
118,"[(25, 75)]","[(65, 35)]",[0.06448023247986089]
119,"[(25, 75)]","[(70, 30)]",[0.06448023247986089]
120,"[(25, 75)]","[(75, 25)]",[0.06448023247986089]
121,"[(25, 75)]","[(80, 20)]",[0.06448023247986089]
122,"[(25, 75)]","[(85, 15)]",[0.06448023247986089]
123,"[(25, 75)]","[(90, 10)]",[0.06448023247986089]
124,"[(25, 75)]","[(95, 5)]",[0.06448023247986089]
125,"[(25, 75)]","[(100, 0)]",[0.06448023247986089]
87,"[(20, 80)]","[(15, 85)]",[0.06330742000281211]
91,"[(20, 80)]","[(35, 65)]",[0.06330742000281211]
90,"[(20, 80)]","[(30, 70)]",[0.06330742000281211]
89,"[(20, 80)]","[(25, 75)]",[0.06330742000281211]
88,"[(20, 80)]","[(20, 80)]",[0.06330742000281211]
94,"[(20, 80)]","[(50, 50)]",[0.06330742000281211]
86,"[(20, 80)]","[(10, 90)]",[0.06330742000281211]
85,"[(20, 80)]","[(5, 95)]",[0.06330742000281211]
84,"[(20, 80)]","[(0, 100)]",[0.06330742000281211]
93,"[(20, 80)]","[(45, 55)]",[0.06330742000281211]
92,"[(20, 80)]","[(40, 60)]",[0.06330742000281211]
97,"[(20, 80)]","[(65, 35)]",[0.06330742000281211]
95,"[(20, 80)]","[(55, 45)]",[0.06330742000281211]
96,"[(20, 80)]","[(60, 40)]",[0.06330742000281211]
98,"[(20, 80)]","[(70, 30)]",[0.06330742000281211]
99,"[(20, 80)]","[(75, 25)]",[0.06330742000281211]
100,"[(20, 80)]","[(80, 20)]",[0.06330742000281211]
101,"[(20, 80)]","[(85, 15)]",[0.06330742000281211]
102,"[(20, 80)]","[(90, 10)]",[0.06330742000281211]
103,"[(20, 80)]","[(95, 5)]",[0.06330742000281211]
104,"[(20, 80)]","[(100, 0)]",[0.06330742000281211]
71,"[(15, 85)]","[(40, 60)]",[0.062150102590417824]
68,"[(15, 85)]","[(25, 75)]",[0.062150102590417824]
70,"[(15, 85)]","[(35, 65)]",[0.062150102590417824]
69,"[(15, 85)]","[(30, 70)]",[0.062150102590417824]
63,"[(15, 85)]","[(0, 100)]",[0.062150102590417824]
67,"[(15, 85)]","[(20, 80)]",[0.062150102590417824]
65,"[(15, 85)]","[(10, 90)]",[0.062150102590417824]
64,"[(15, 85)]","[(5, 95)]",[0.062150102590417824]
73,"[(15, 85)]","[(50, 50)]",[0.062150102590417824]
72,"[(15, 85)]","[(45, 55)]",[0.062150102590417824]
66,"[(15, 85)]","[(15, 85)]",[0.062150102590417824]
74,"[(15, 85)]","[(55, 45)]",[0.062150102590417824]
80,"[(15, 85)]","[(85, 15)]",[0.062150102590417824]
75,"[(15, 85)]","[(60, 40)]",[0.062150102590417824]
82,"[(15, 85)]","[(95, 5)]",[0.062150102590417824]
81,"[(15, 85)]","[(90, 10)]",[0.062150102590417824]
83,"[(15, 85)]","[(100, 0)]",[0.062150102590417824]
79,"[(15, 85)]","[(80, 20)]",[0.062150102590417824]
78,"[(15, 85)]","[(75, 25)]",[0.062150102590417824]
77,"[(15, 85)]","[(70, 30)]",[0.062150102590417824]
76,"[(15, 85)]","[(65, 35)]",[0.062150102590417824]
42,"[(10, 90)]","[(0, 100)]",[0.06069192174476822]
52,"[(10, 90)]","[(50, 50)]",[0.06069192174476822]
43,"[(10, 90)]","[(5, 95)]",[0.06069192174476822]
44,"[(10, 90)]","[(10, 90)]",[0.06069192174476822]
46,"[(10, 90)]","[(20, 80)]",[0.06069192174476822]
47,"[(10, 90)]","[(25, 75)]",[0.06069192174476822]
48,"[(10, 90)]","[(30, 70)]",[0.06069192174476822]
49,"[(10, 90)]","[(35, 65)]",[0.06069192174476822]
50,"[(10, 90)]","[(40, 60)]",[0.06069192174476822]
51,"[(10, 90)]","[(45, 55)]",[0.06069192174476822]
45,"[(10, 90)]","[(15, 85)]",[0.06069192174476822]
53,"[(10, 90)]","[(55, 45)]",[0.06069192174476822]
55,"[(10, 90)]","[(65, 35)]",[0.06069192174476822]
56,"[(10, 90)]","[(70, 30)]",[0.06069192174476822]
57,"[(10, 90)]","[(75, 25)]",[0.06069192174476822]
58,"[(10, 90)]","[(80, 20)]",[0.06069192174476822]
59,"[(10, 90)]","[(85, 15)]",[0.06069192174476822]
60,"[(10, 90)]","[(90, 10)]",[0.06069192174476822]
61,"[(10, 90)]","[(95, 5)]",[0.06069192174476822]
62,"[(10, 90)]","[(100, 0)]",[0.06069192174476822]
54,"[(10, 90)]","[(60, 40)]",[0.06069192174476822]
26,"[(5, 95)]","[(25, 75)]",[0.05928654010756781]
29,"[(5, 95)]","[(40, 60)]",[0.05928654010756781]
28,"[(5, 95)]","[(35, 65)]",[0.05928654010756781]
27,"[(5, 95)]","[(30, 70)]",[0.05928654010756781]
21,"[(5, 95)]","[(0, 100)]",[0.05928654010756781]
25,"[(5, 95)]","[(20, 80)]",[0.05928654010756781]
24,"[(5, 95)]","[(15, 85)]",[0.05928654010756781]
23,"[(5, 95)]","[(10, 90)]",[0.05928654010756781]
22,"[(5, 95)]","[(5, 95)]",[0.05928654010756781]
31,"[(5, 95)]","[(50, 50)]",[0.05928654010756781]
30,"[(5, 95)]","[(45, 55)]",[0.05928654010756781]
35,"[(5, 95)]","[(70, 30)]",[0.05928654010756781]
32,"[(5, 95)]","[(55, 45)]",[0.05928654010756781]
33,"[(5, 95)]","[(60, 40)]",[0.05928654010756781]
34,"[(5, 95)]","[(65, 35)]",[0.05928654010756781]
36,"[(5, 95)]","[(75, 25)]",[0.05928654010756781]
37,"[(5, 95)]","[(80, 20)]",[0.05928654010756781]
38,"[(5, 95)]","[(85, 15)]",[0.05928654010756781]
39,"[(5, 95)]","[(90, 10)]",[0.05928654010756781]
40,"[(5, 95)]","[(95, 5)]",[0.05928654010756781]
41,"[(5, 95)]","[(100, 0)]",[0.05928654010756781]
6,"[(0, 100)]","[(30, 70)]",[0.057644289146399866]
9,"[(0, 100)]","[(45, 55)]",[0.057644289146399866]
8,"[(0, 100)]","[(40, 60)]",[0.057644289146399866]
7,"[(0, 100)]","[(35, 65)]",[0.057644289146399866]
11,"[(0, 100)]","[(55, 45)]",[0.057644289146399866]
5,"[(0, 100)]","[(25, 75)]",[0.057644289146399866]
4,"[(0, 100)]","[(20, 80)]",[0.057644289146399866]
3,"[(0, 100)]","[(15, 85)]",[0.057644289146399866]
2,"[(0, 100)]","[(10, 90)]",[0.057644289146399866]
10,"[(0, 100)]","[(50, 50)]",[0.057644289146399866]
1,"[(0, 100)]","[(5, 95)]",[0.057644289146399866]
12,"[(0, 100)]","[(60, 40)]",[0.057644289146399866]
13,"[(0, 100)]","[(65, 35)]",[0.057644289146399866]
14,"[(0, 100)]","[(70, 30)]",[0.057644289146399866]
15,"[(0, 100)]","[(75, 25)]",[0.057644289146399866]
16,"[(0, 100)]","[(80, 20)]",[0.057644289146399866]
17,"[(0, 100)]","[(85, 15)]",[0.057644289146399866]
18,"[(0, 100)]","[(90, 10)]",[0.057644289146399866]
19,"[(0, 100)]","[(95, 5)]",[0.057644289146399866]
20,"[(0, 100)]","[(100, 0)]",[0.057644289146399866]
0,"[(0, 100)]","[(0, 100)]",[0.057644289146399866]
